Series Name,Series Code,Country Name,Country Code,1990 [YR1990],1991 [YR1991],1992 [YR1992],1993 [YR1993],1994 [YR1994],1995 [YR1995],1996 [YR1996],1997 [YR1997],1998 [YR1998],1999 [YR1999],2000 [YR2000],2001 [YR2001],2002 [YR2002],2003 [YR2003],2004 [YR2004],2005 [YR2005],2006 [YR2006],2007 [YR2007],2008 [YR2008],2009 [YR2009],2010 [YR2010],2011 [YR2011],2012 [YR2012],2013 [YR2013],2014 [YR2014],2015 [YR2015],2016 [YR2016],2017 [YR2017],2018 [YR2018],2019 [YR2019],2020 [YR2020],2021 [YR2021],2022 [YR2022]
Military expenditure (% of general government expenditure),MS.MIL.XPND.ZS,Albania,ALB,..,..,..,..,..,..,..,4.42469942524728,3.58251376938142,3.57882714586864,3.84384065661926,4.14741288966839,4.26975280105134,4.61292952593064,4.66321103763279,4.73437520175261,5.42898862467715,6.22608105672699,6.25619786501779,4.64272721436367,5.30374152460951,5.28386450211732,5.26790009594914,4.82648553602103,4.24378498276555,3.77889251316413,3.78723434007733,3.80518109954003,4.02942680104453,4.45765862935157,3.79523306941549,4.18588825092418,..
Military expenditure (% of general government expenditure),MS.MIL.XPND.ZS,Belgium,BEL,4.27959644497837,4.06261999398084,3.23730396735657,3.00544454422991,3.03095725656255,2.93406851243548,2.8638154885472,2.8252334832238,2.78141449588339,2.76042432860949,2.73463038706315,2.59930895523532,2.45226012730633,2.39228116618482,2.34513757958303,2.11453306134634,2.16466316605627,2.26102797969689,2.40650843509762,2.13561075511734,2.02398110950964,1.90259081312191,1.84454979780103,1.79797704903161,1.74633706581455,1.69264376750606,1.68438746164385,1.69812624424033,1.70635696719777,1.7141003059238,1.76479936725937,1.91103329000655,..
Military expenditure (% of general government expenditure),MS.MIL.XPND.ZS,Bulgaria,BGR,..,..,..,..,..,..,..,..,6.96468263768832,7.24461623412479,7.14354112802835,7.84747412191454,7.92534940162357,7.52499427611997,6.85834502103787,6.56792900887389,6.40532629283132,6.72976315038524,6.37285075300587,5.15092660030752,4.75325578699231,4.11217837441654,4.08945449132991,4.09940017137961,3.53182488302032,3.33762000179442,3.80091657853412,3.81598151301387,4.22210442618606,8.7362446426503,4.04530389165697,3.9012661664049,..
Military expenditure (% of general government expenditure),MS.MIL.XPND.ZS,Canada,CAN,3.98190863727281,3.59879493039684,3.45698501440769,3.44489084786311,3.36951649302872,3.1727128681944,2.97895270698618,2.79085696889746,2.8155809481819,2.89731501383463,2.74757242596902,2.75741233589552,2.76494828683953,2.76081510533127,2.82151151446051,2.8740606824262,2.90352212845166,3.07845153858812,3.21213682290467,3.17257451065171,2.7734066840798,2.87019825887948,2.73273478077143,2.50837990296678,2.57991356740854,2.88044713216989,2.85661155873435,3.34169548674661,3.23087974818901,3.14021274999498,2.68035594704579,2.73572307600942,..
Military expenditure (% of general government expenditure),MS.MIL.XPND.ZS,Croatia,HRV,..,..,19.8937198067633,28.9576411960133,23.8532312134485,21.1445948597214,18.1622590766472,16.8706477516876,11.413401362254,8.68377317570514,6.41581692589634,5.90902440945768,5.39389750726154,4.08658596307338,3.5981594341239,3.75245657098208,3.62172979447553,3.56979700607758,4.02322494605799,3.69031787170082,3.49894755306087,3.62377196369364,3.49949281805317,3.41596951513293,3.78563156819153,3.66628734685972,3.4203020386105,3.67673563549852,3.41685905737936,3.49630816420105,3.25309043591412,5.04380373014717,..
Military expenditure (% of general government expenditure),MS.MIL.XPND.ZS,Czechia,CZE,..,..,..,..,..,3.36735398708565,4.01653016597308,3.812318606901,4.16772493509225,4.49455755322773,4.58279087375234,4.02657616363597,4.0710916800916,3.83556379158675,4.02696346427571,4.19832742141021,3.78151553260046,3.52066409055641,3.01569365596214,2.95455504283269,2.73841921968395,2.49570513821646,2.37988750359249,2.38002259303781,2.266966481397,2.2573071315294,2.50591827380447,2.45421580064372,2.68126518908908,2.80696249517872,2.81231107795126,3.01350465423912,..
Military expenditure (% of general government expenditure),MS.MIL.XPND.ZS,Denmark,DNK,3.48803573327661,3.46559548383695,3.29377875975163,3.15876853437863,2.93625742214495,2.87960013979282,2.83596682920336,2.89041968125948,2.90282367374399,2.86954132830755,2.76624322170998,2.90018063170038,2.83410574229878,2.73465479119305,2.68636744635346,2.55942668842179,2.76439698138777,2.63603450235296,2.68792635456182,2.38816148950943,2.46787033157623,2.32774593707151,2.33253539504319,2.19857346170878,2.08134894154599,2.03831671585416,2.18686632632674,2.25171871603049,2.52736360340049,2.64753594198404,2.60104482593954,2.56062022905088,..
Military expenditure (% of general government expenditure),MS.MIL.XPND.ZS,Estonia,EST,..,..,..,..,..,2.35247349823322,2.24191279887482,2.87240537240537,2.71536523929471,3.14824920418372,3.78475935828877,4.28980761358985,4.61867426942267,4.95430809399478,4.95495495495496,4.30020963856167,4.14981982423037,4.91275316090692,4.47946957028373,3.92346509074744,4.22202266401143,4.4864605031245,4.83503981797497,4.96834571979081,5.09840179632809,5.12568976088289,5.25210084033614,5.12354262487967,5.11988993710692,5.19872087711284,5.1495831289848,4.8465751369195,..
Military expenditure (% of general government expenditure),MS.MIL.XPND.ZS,France,FRA,5.62272477258817,5.51194517377115,5.14267602267547,4.8987591294078,4.89696377122681,4.57260679176181,4.42295444506778,4.37956330391438,4.22779323913665,4.15916682254688,4.03664247573078,3.92645351975583,3.87583863805826,3.93403524955552,3.97160816369336,3.79724453303837,3.73536019722208,3.62885898295714,3.55948832790609,3.67118007286521,3.46230230152887,3.36006966306541,3.2764313647162,3.2324769425109,3.25615126608226,3.2963702715752,3.38229450357105,3.37792115360383,3.31211000419299,3.3177986379426,3.25243994495276,3.2072395511805,..
Military expenditure (% of general government expenditure),MS.MIL.XPND.ZS,Germany,DEU,..,4.28314904040485,3.91637189821551,3.50670428567994,3.21251678698569,2.71856284106382,2.97380642651846,2.91047681493743,2.89441807817795,2.90120748465917,2.85533615360451,2.80049836511622,2.78809948452107,2.73680665887715,2.72164905812954,2.27597509811883,2.65125479887811,2.70168905589132,2.73540162198277,2.71907681214743,2.63145760701927,2.66620788757546,2.76432126817923,2.63716562304122,2.59562871065739,2.57659765127576,2.59201330001856,2.60660283951823,2.63468873864309,2.80114967831276,2.72654370489174,2.51590365758895,..
Military expenditure (% of general government expenditure),MS.MIL.XPND.ZS,Greece,GRC,8.59184499710816,8.62375121676316,8.56575944552447,8.11759431932291,8.44884051738397,6.63823027867972,7.01545681563765,7.31003670017552,7.39816108213244,7.28097621014105,7.46430804422417,7.07042635880437,6.71960993855196,5.35264831143903,5.4724242982751,6.22584767234352,6.16937288894315,5.69224307939522,5.86690615323348,5.96260576481486,5.19327660291516,4.57595659623073,4.55076561125335,4.55281768428254,4.63681558840212,4.81475735041504,5.15032589736528,5.28586248295315,5.60109320992616,5.57708547301153,4.62109394406081,6.53186872018432,..
Military expenditure (% of general government expenditure),MS.MIL.XPND.ZS,Hungary,HUN,..,..,..,..,..,2.39220540257857,2.46786035899164,2.97835605742637,2.50570444592469,2.94390960378544,3.21484967713042,3.33350682439483,3.13737426687973,3.35633343792294,3.04079831438953,2.86218420256751,2.37913212461515,2.55127638901848,2.43915910823191,2.24552080186042,2.09368595239921,2.11389689346786,2.0899543306536,1.88447598403867,1.71404846752391,1.79580673014532,2.14119436928878,2.2080229480502,2.43330739144688,2.74345020412422,3.4620261988803,3.20991091335254,..
Military expenditure (% of general government expenditure),MS.MIL.XPND.ZS,Iceland,ISL,..,..,..,..,..,..,..,..,..,..,..,..,..,..,..,..,..,..,..,..,..,..,..,..,..,..,..,..,..,..,..,..,..
Military expenditure (% of general government expenditure),MS.MIL.XPND.ZS,Italy,ITA,3.29017935816754,3.17938658035328,3.00395264453822,3.01093015651877,3.0301546336717,2.83424285313819,3.07688002659184,3.27930181196682,3.4053096591479,3.55541467432543,3.73457604206693,3.53321886966043,3.64144216008424,3.61236604001283,3.57956941551784,3.38888254301182,3.18315246905678,3.09307315471865,3.21045073151802,3.04085840104199,3.00533017765601,3.00147268139019,2.8205640548868,2.74578841236868,2.52277541156925,2.40122699828436,2.71980198614624,2.78363303562677,2.80911203613828,2.70529699668084,2.68148219386844,2.64142559190641,..
Military expenditure (% of general government expenditure),MS.MIL.XPND.ZS,Latvia,LVA,..,..,..,..,..,..,..,..,1.58744394618834,1.91075050709939,2.43450221684805,3.0316035895435,4.50121654501217,4.8856416772554,4.7661530143282,4.66751918158568,5.06388121546961,4.70714094677721,4.46388515029161,3.24851042701092,2.53951800984711,2.68552581504503,2.44561877841956,2.51530852567122,2.49608062709966,2.77427078798433,4.01418439716312,4.36725573837091,5.41539016038926,5.35946578787616,5.22094795091828,4.76125604522853,..
Military expenditure (% of general government expenditure),MS.MIL.XPND.ZS,Lithuania,LTU,..,..,..,2.19588194406586,1.35480153444599,1.37382800883621,1.57116071672887,2.29183246692846,3.33902762295935,2.45804671900524,3.39208764149403,3.88741931173471,3.83307097121896,3.49657245951497,3.60278883315529,3.47709047894405,3.45026827449192,3.22941953894994,3.05189187162166,2.47717862243328,2.13265650012638,1.90759660925974,2.17708236004172,2.20269674611432,2.58593458645939,3.30738693858488,4.43706563706564,5.28398306322091,5.93147325866525,5.9147596561327,4.93295019157088,4.80201419089036,..
Military expenditure (% of general government expenditure),MS.MIL.XPND.ZS,Luxembourg,LUX,..,..,..,..,..,1.47607337149031,1.46570886716229,1.48987621824311,1.53070533463597,1.44411789839323,1.43864587484894,1.77555286335248,1.40988197455923,1.39897068507611,1.38687332593233,1.34597131540772,1.32169489948392,1.34153337178031,0.962172136549361,0.869669525580279,1.05109324939576,0.907806044792346,0.858391159085068,0.869307517534328,0.903299419986688,1.02951269732327,0.946330193708904,1.19955016868674,1.18373446594305,1.28362540462105,1.16134925295231,1.25670349550947,..
Military expenditure (% of general government expenditure),MS.MIL.XPND.ZS,Montenegro,MNE,..,..,..,..,..,..,..,..,..,..,..,..,..,..,..,7.05627705627706,5.38461538461538,3.97794741306192,3.66330390920555,3.59141184124919,3.88888888888889,3.86332882273342,3.62448418156809,3.16885139519792,3.32962720732505,3.02648967551622,2.96993081426291,2.89318518518519,2.90236363636364,3.03458888378502,3.2,3.75337533753375,..
Military expenditure (% of general government expenditure),MS.MIL.XPND.ZS,Netherlands,NLD,4.73341309969509,4.42310044390725,4.30190763942409,3.89346167698,3.7767013928933,3.34964910569292,3.76187874105758,3.66763166820098,3.58162653582674,3.68702341286701,3.46575840533835,3.41372090158887,3.33389294608131,3.30313047900745,3.34711714466797,3.37160888810974,3.30695617927803,3.2608442118849,3.08313291266282,2.98962719523467,2.81768837803321,2.80351317440402,2.68903193117081,2.55198738253966,2.58131233282622,2.58594106709193,2.71961778059339,2.77700448150485,2.93209742002578,3.20703459253098,3.16304123214261,2.86011185935432,..
Military expenditure (% of general government expenditure),MS.MIL.XPND.ZS,North Macedonia,MKD,..,..,..,..,..,..,..,6.46348279716805,6.39474388322383,5.16570269455333,5.77937408951625,16.3278507725427,6.92703375929039,6.50477106141902,6.97635575969518,6.24565692447389,5.8390003513203,6.20078622653898,5.16070077244885,5.02996636867976,4.25140855472789,3.96219652397376,3.68440381158552,3.69221962205279,3.44626049541339,3.08303906544962,3.11862244897959,2.8178433359989,3.11602607687078,3.69078155022938,3.40795284769082,4.33636395686356,..
Military expenditure (% of general government expenditure),MS.MIL.XPND.ZS,Norway,NOR,5.79109439720951,5.39800572903343,5.66573188562115,5.24286169764644,5.42412458391484,4.67681688569956,4.59855147543495,4.43136582744828,4.50970628576154,4.38840504796656,4.12432956795716,3.9394655597737,4.49696748041815,4.1336572883415,4.11729639410069,3.77164703203461,3.56885099919389,3.56074219436592,3.44663858735011,3.50242859621475,3.38992851452968,3.33412298105175,3.28579628379287,3.23385363027567,3.23331643268004,3.10793399997879,3.20847750589688,3.46388727572821,3.59460408027904,3.68418801258395,3.52067234944402,3.62148446797014,..
Military expenditure (% of general government expenditure),MS.MIL.XPND.ZS,Poland,POL,..,..,..,..,..,4.09831888381343,3.85818841689524,4.38254083879665,4.56094251032844,4.50122903692034,4.2457420546818,4.22876017821478,4.18364492960232,4.16540643209959,4.29669927161256,4.35394938037748,4.32100349616516,4.66670592507533,3.96663972345345,3.99304403018787,3.99582100892784,4.05982720192912,4.17824275667511,4.1424633223073,4.47249939698272,5.12868590490832,4.71566090791126,4.59134966635819,4.93450401101227,4.71855628561109,4.72877204152739,4.62625384494959,..
Military expenditure (% of general government expenditure),MS.MIL.XPND.ZS,Portugal,PRT,5.59857232836448,5.1238530568346,4.85744396023812,4.96793151188088,5.09757824670726,5.29507722261689,4.91368514107507,4.80736478711162,4.42350262475492,4.44147315020548,4.34833972483234,4.33628761704472,4.3897947195453,4.16116707189997,4.27494969388192,4.38251366120219,4.31802440193937,4.08024659776936,4.04539073467478,4.04431378335736,3.82230518365946,4.00508582326764,3.91356134082015,4.18037409530971,3.46458277434934,3.7114161365919,4.46959911978569,3.68516372880975,4.0811749058858,4.19744130836191,3.8485849441318,4.03228940006217,..
Military expenditure (% of general government expenditure),MS.MIL.XPND.ZS,Romania,ROU,11.8212121212121,12.3764705882353,10.1225296442688,8.11078286558346,9.31670673076923,7.97685554668795,7.32681336593317,8.9957963568426,8.48993288590604,7.56728831947099,7.16781365802012,7.35744374807356,7.14627855563744,6.79839502129053,6.06443308358329,6.21336067342974,5.44971994829815,4.32116133504598,3.96918180529077,3.51962320133622,3.27792500593308,3.53220969406633,3.50769282564051,3.7819225244428,3.99197769786721,4.24646504481855,4.4878171103774,5.58939434662952,5.64603584596881,5.51225557308883,5.26257647024166,5.27700812058081,..
Military expenditure (% of general government expenditure),MS.MIL.XPND.ZS,Slovak Republic,SVK,..,..,..,..,..,6.49513649199874,5.56189827042686,4.67892218584739,3.7999509683746,3.2764405543399,3.13083552789083,4.0616570327553,3.9027409372237,4.55131649650725,4.3492661755468,4.22666533705624,4.10603290676417,4.06371034422734,3.9448275862069,3.41495977233602,2.9643177582994,2.58025398322498,2.62253930506011,2.30404551201011,2.27678706591177,2.43508272159527,2.6232827187274,2.67624581389358,2.9444891391794,4.01836969001148,4.10805370662641,3.4373206526195,..
Military expenditure (% of general government expenditure),MS.MIL.XPND.ZS,Slovenia,SVN,..,..,..,..,..,3.02080671655412,3.4956864216054,3.08649251353934,2.94249471458774,2.5737037037037,2.30562374469984,2.6697408018639,2.94536795758828,2.983275376718,3.07328054649899,3.06115347597542,3.38657455864908,3.3240065681445,3.31363024521566,3.2133437639696,3.19499616354269,2.54077572027378,2.36405298161292,1.73717796995904,1.91522943451448,1.90951651254954,2.17550080342796,2.22766933952311,2.24718228723138,2.44213239154298,2.06930939915233,2.45415744546317,..
Military expenditure (% of general government expenditure),MS.MIL.XPND.ZS,Spain,ESP,5.32856611631712,4.7650144363299,4.44202958335789,4.11626997100486,4.24008161178048,4.22068836494863,4.10163677910876,4.03149829343612,4.07548570449664,4.38578774106478,4.4014319940952,4.24224767337359,3.76830670529372,3.70693894520757,3.6844637349264,3.60483050633727,3.56440840065625,3.472430389101,3.30003283872273,2.93821039536366,3.01378653949354,2.88568280323274,2.92594401301207,2.77701652307607,2.78062922796092,2.89542711676625,2.68068233019485,2.98723961651998,3.01026852460977,2.93318635720167,2.60797866262839,2.70439037161886,..
Military expenditure (% of general government expenditure),MS.MIL.XPND.ZS,Turkiye,TUR,..,..,..,..,..,..,..,..,..,..,9.22962273626991,8.12188447056663,9.18505450701285,8.50170298601237,7.72870114331955,7.4304652738359,6.87709346598568,6.5774759845331,6.38116043902197,6.52310742553225,6.33418900364157,6.12114648203303,5.88400843561548,5.66943334755459,5.66159923583791,5.4610757879792,5.88444832955446,6.14796142965966,7.30288335325985,7.5414741142698,7.15526724722419,6.27118628535401,..
Military expenditure (% of general government expenditure),MS.MIL.XPND.ZS,United Kingdom,GBR,10.4706382125597,10.5567700570976,9.37852167793514,8.71781193032326,8.28447469739075,7.57120447630055,7.62674515679445,7.3499588072778,7.25506915491494,7.12587572122906,6.96108429417258,6.91945537527283,6.91558556213061,6.86452331533553,6.56277182907838,6.31346648716133,6.18327632515816,6.16313627333116,6.08867288300342,5.95058462780165,5.75994459363534,5.73843400574399,5.53999391492494,5.46493724229098,5.30543867537946,5.07649955445564,5.0084885627075,4.95751451681614,4.99625850051054,5.1693807468865,4.56291713620048,4.65745050936646,..
Military expenditure (% of general government expenditure),MS.MIL.XPND.ZS,United States,USA,..,..,..,..,..,..,..,..,..,..,..,9.55975757498972,10.2749987444505,11.2968788159115,11.9684822163277,12.053947668257,11.9964590855717,11.7871065265055,11.9720039046514,11.7778011730134,12.3344553489056,12.4442127119255,12.0220533200581,11.2508145394336,10.4165969856642,9.88908360503118,9.61809465787376,9.36280283481369,9.34583659985279,9.59525557936549,8.19762411272827,8.31782875835136,..
Military expenditure (% of general government expenditure),MS.MIL.XPND.ZS,Russian Federation,RUS,..,..,..,..,..,..,..,..,6.90551700822641,8.98860361074725,10.819631406783,11.3025343308096,11.1384897329319,11.2922569839353,11.1703811360247,11.3363178995535,11.2065367056276,9.78733898031898,9.86315841595838,10.1920224003286,10.1222956275016,10.3214635718714,10.8415558713595,11.1221783289798,11.7721980267326,13.8107112237532,14.8283950033968,12.199182172143,11.4031604909062,11.3989991642989,10.5860676211559,10.7946972558855,..
Military expenditure (% of general government expenditure),MS.MIL.XPND.ZS,Ukraine,UKR,..,..,..,..,..,4.93084192439862,5.93795209773348,6.84748686981453,5.6786703601108,7.35338820223108,6.07361569784219,5.34121526521092,5.43923308323482,5.67203550557904,4.90703077577846,5.45544662476273,5.35457755282232,5.64196885700946,4.85544077400153,4.07607508747881,3.8705103864279,3.35586569601077,3.2943457986626,3.28269968789899,5.01412582826196,7.5532438643408,7.77905269904278,6.93838583708963,7.64802682002915,8.51345527636431,8.28844082917841,7.82744680397807,..
Military expenditure (% of GDP),MS.MIL.XPND.GD.ZS,Albania,ALB,5.8883007196812,5.79127042184833,4.6708878237371,3.19945106674965,2.54781906037648,2.05358735905793,1.37902962734156,1.28308078036268,1.23824256064749,1.24921009885957,1.24636024189216,1.30929137475594,1.32003449433204,1.33684292419802,1.38115794211088,1.35000497056322,1.56776908873068,1.8207653435572,1.98486885667765,1.5172171395597,1.55859189302349,1.52826633776627,1.48708257655216,1.40898210141146,1.34651599128914,1.16230386432234,1.10358100880452,1.10869638590383,1.16054478505068,1.29967633671403,1.25826801032012,1.4156359265316,..
Military expenditure (% of GDP),MS.MIL.XPND.GD.ZS,Belgium,BEL,2.35544045891723,2.28769284712482,1.83233253009366,1.73596589343319,1.67714315012305,1.56575215144642,1.54010265143452,1.47697579587888,1.46391926511004,1.38583555922092,1.34121027642881,1.27650416647228,1.21571220776463,1.21498815616525,1.14927213880449,1.09156005763437,1.05123918569066,1.09453530115676,1.2138983166693,1.16003992188797,1.08463286136283,1.04350679479608,1.0417564900031,1.00895947872124,0.970959791148112,0.909284202068915,0.89470623618152,0.883680594960214,0.891399549680955,0.889387187194598,1.04510269255661,1.0818077805255,..
Military expenditure (% of GDP),MS.MIL.XPND.GD.ZS,Bulgaria,BGR,3.83344348975545,3.04323157297492,2.97263384321224,2.60927161179391,2.49261728620574,2.37413128378025,2.40293410901733,2.4307013549238,2.45305914743146,2.64517195633853,2.6711704653623,2.88446138699667,2.80125964985142,2.71202074866405,2.39199348419018,2.25289822173234,2.09699129664056,2.22961126073755,2.13352480195793,1.73951152439366,1.65246822528634,1.32071731948799,1.33635532031811,1.45934011226913,1.31370452145982,1.24884811665871,1.24670728942184,1.226243678323,1.45156836676972,3.14847554420995,1.5444513303556,1.5948890065513,..
Military expenditure (% of GDP),MS.MIL.XPND.GD.ZS,Canada,CAN,1.95879374221417,1.89544433858064,1.86168769986295,1.82175350392748,1.69668025731865,1.55409007114777,1.40375258106455,1.24624320151167,1.25629390156868,1.24170306410258,1.11808087955152,1.13736897251656,1.12085229164355,1.11587879854277,1.10796602708278,1.11066965508092,1.12583240797021,1.18890178274099,1.24862138163726,1.37755563107525,1.19433833839121,1.19329189549638,1.11840459807104,1.00236720047397,0.989925299438869,1.15270937445521,1.16416156719089,1.35160223192956,1.32468109445935,1.28609709907596,1.41594535819004,1.31515295224175,..
Military expenditure (% of GDP),MS.MIL.XPND.GD.ZS,Croatia,HRV,..,..,7.60738644340829,10.7267571545045,11.1481772894242,9.31501043048842,8.29201114721082,8.94249252887489,6.60021947195919,4.42962970979594,3.03005577712821,2.70277377254542,2.73063333651169,2.04629888221727,1.76014374945944,1.76232843721919,1.68580508013674,1.62843061529319,1.84518791459964,1.78983447136448,1.68119060118982,1.75156823744834,1.67036310928538,1.62500853904884,1.82318611443871,1.7605796848453,1.60035813182896,1.64359339456584,1.55249000456251,1.60930236735098,1.7708517942155,2.73556858687644,..
Military expenditure (% of GDP),MS.MIL.XPND.GD.ZS,Czechia,CZE,..,..,..,2.3304040663427,2.28340085763757,1.84362277299769,1.73190468756652,1.66204579070562,1.82593182035358,1.85906992321232,1.87735695616487,1.75124955758828,1.82440696826275,1.8927640441762,1.71370317302129,1.79008377206134,1.57590615799713,1.43091473515,1.2324715671579,1.31056414250743,1.19477218141337,1.07783649896869,1.0632168166006,1.01508371972557,0.966227818064756,0.946582095560622,0.996128102620186,0.956655421726352,1.0886700008226,1.15252140285869,1.32581911041345,1.4340913619415,..
Military expenditure (% of GDP),MS.MIL.XPND.GD.ZS,Denmark,DNK,1.95075703504915,1.95468015000635,1.88937728533689,1.9071976696874,1.77010988336089,1.6853146650741,1.64481665845606,1.61596120506505,1.60802638812534,1.56485472255403,1.45744405054744,1.53238072045298,1.50814985204971,1.46685124979903,1.42370423392813,1.3114886404907,1.37749218313459,1.3072470519224,1.35500452408311,1.35017862531649,1.3986217868925,1.31353128527572,1.35181897255939,1.22725200034691,1.14927328634589,1.11144601158659,1.14763761681092,1.13823325447046,1.27753927185212,1.31097718604447,1.39820311119664,1.37159146918744,..
Military expenditure (% of GDP),MS.MIL.XPND.GD.ZS,Estonia,EST,..,..,..,0.761751960945642,1.04163027365878,0.958098327008493,0.873596073837831,1.0467724867254,1.06749171827448,1.28711336447566,1.37632711527768,1.50221446192756,1.66712950092163,1.74304929525979,1.6996892247017,1.4509199321799,1.38842243631458,1.65758213404856,1.76504969138179,1.78893838997339,1.68647006712992,1.66401024269619,1.8835795803398,1.89666661840062,1.9127859308351,2.01133517288701,2.05184437121569,2.00773352126725,2.00866586260145,2.02401882148264,2.36376756638367,2.15551504624942,..
Military expenditure (% of GDP),MS.MIL.XPND.GD.ZS,France,FRA,2.80526762706676,2.81213643806721,2.69066071063176,2.68953480643636,2.66037496035159,2.49249618936836,2.41447395059335,2.37540965314127,2.22620830652768,2.17784297022174,2.08501824480333,2.03069528996546,2.04625799037992,2.0956804128006,2.10435083527246,2.02370691892637,1.97509829987374,1.90752863357749,1.89707589581907,2.09814733452729,1.96941935275241,1.89140621361087,1.87108059984757,1.84987591828694,1.86296143947269,1.87225828127684,1.91728236804142,1.90864201234437,1.84300872300244,1.8364614707329,2.00945780464292,1.9453822620282,..
Military expenditure (% of GDP),MS.MIL.XPND.GD.ZS,Germany,DEU,2.51843270660831,1.99783498818879,1.86047994113579,1.69353832263442,1.55027643275389,1.49502201427653,1.46585845994395,1.40930173264786,1.39089478616645,1.39507435456434,1.35888303317903,1.3234383027941,1.32795812092343,1.31692486502826,1.26895739640399,1.06562970052135,1.19930295839133,1.17247176491769,1.20903400366779,1.31060407322149,1.26682662611137,1.20615033635783,1.24167747904608,1.18525790100841,1.14994199690514,1.13733842666332,1.14965448490146,1.15404940702975,1.16783286716194,1.26026775303381,1.38622622907981,1.3373843362163,..
Military expenditure (% of GDP),MS.MIL.XPND.GD.ZS,Greece,GRC,3.79826032707078,3.484865109943,3.62980089042347,3.60012469561704,3.58197232877289,3.17319019644845,3.31191328182087,3.36586889039913,3.53386881535161,3.36046994465272,3.46535532008881,3.25141285622817,3.07737457530621,2.49389475249858,2.60567252971209,2.83659627711189,2.78341887026498,2.67930592141264,2.98305234467131,3.22484113782964,2.75021826236583,2.52227876563293,2.44367081559838,2.37130398258401,2.35078288371489,2.46692099866613,2.57591779360038,2.56348990681236,2.71645307270589,2.66695186650037,2.81316186804553,3.86736963011333,..
Military expenditure (% of GDP),MS.MIL.XPND.GD.ZS,Hungary,HUN,2.56353802709041,2.16146979946364,2.1796531721192,1.90656828980965,1.82413438385634,1.32472748303328,1.25906103979783,1.47668440278226,1.2721641748015,1.43361259969176,1.51310022700998,1.57012709014657,1.59377380209258,1.64262159438689,1.47272381889096,1.41202878738717,1.22300995957572,1.27025810610457,1.1811797358047,1.12864547726941,1.02399560793212,1.03842601131779,1.02920536632139,0.94530308092326,0.859447822927357,0.905444560089667,1.0031063011266,1.02665762335845,1.1166413873556,1.25438629427103,1.85662932802,1.63606587200346,..
Military expenditure (% of GDP),MS.MIL.XPND.GD.ZS,Iceland,ISL,..,..,..,..,..,..,..,..,..,..,..,..,..,..,..,..,..,..,..,..,..,..,..,..,..,..,..,..,..,..,..,..,..
Military expenditure (% of GDP),MS.MIL.XPND.GD.ZS,Italy,ITA,1.8807984132592,1.85885268375554,1.75197698347487,1.7867679733127,1.71374275955101,1.46784314334637,1.58849227935037,1.62669279946621,1.64450887913205,1.68329979808882,1.74105950432123,1.67936473768145,1.7061872461629,1.70899553724228,1.68267326961679,1.60517041562355,1.5254829046466,1.44705251876997,1.53567498406606,1.55421070227095,1.50049457592519,1.47595659708976,1.42692497660769,1.39902041932938,1.28296965427672,1.20822832564616,1.33483525169556,1.35737055917772,1.35929093471843,1.31276170517382,1.53441242416744,1.52273013693492,..
Military expenditure (% of GDP),MS.MIL.XPND.GD.ZS,Latvia,LVA,..,..,..,0.735295406430013,0.838757226966531,0.805656844387504,0.639144683331598,0.582114908741438,0.587847986496102,0.750940828413688,0.881715011606815,1.04153876427659,1.54220827552533,1.61002427493687,1.59565821670758,1.61062192658035,1.71501863394351,1.55287237052276,1.62709088332802,1.38226776000155,1.0875152363104,1.03715971289538,0.902698983774144,0.931786712799997,0.943935283559811,1.03782934795735,1.45069330442935,1.59482150331213,2.0622774151559,2.02866903259372,2.25501508599227,2.28041898110783,..
Military expenditure (% of GDP),MS.MIL.XPND.GD.ZS,Lithuania,LTU,..,..,..,0.812260643325921,0.493377598492433,0.454372873794607,0.503980009230949,0.747111152854449,1.22925433619046,0.970102491828194,1.21669999047963,1.36194363753379,1.27128874631595,1.12122849806511,1.19594328186275,1.16221158771479,1.16518481322546,1.11360756727258,1.13160855191207,1.08280378279988,0.878659092050565,0.790700848052255,0.765265810142739,0.762907482084214,0.879596257744358,1.13774817357899,1.47750587185705,1.71207046761202,1.96741914187761,2.00715069627547,2.12763135378654,2.02172617270963,..
Military expenditure (% of GDP),MS.MIL.XPND.GD.ZS,Luxembourg,LUX,0.788344680855924,0.811385163106724,0.827198401049985,0.707154433830032,0.741561435509644,0.595326878183646,0.587036047449911,0.613890040125864,0.63992050413869,0.57140192589808,0.54411854308622,0.680287079761237,0.586825535638613,0.60717994174289,0.611235470879585,0.589643203349069,0.526434845389975,0.55850194257109,0.392696163366553,0.380292148821379,0.505726377635838,0.415652300827133,0.386890697539834,0.398983544082411,0.408606016917149,0.451585009192063,0.409097655797448,0.524903451938245,0.52979702560685,0.574491747151295,0.627338362627624,0.626880782058484,..
Military expenditure (% of GDP),MS.MIL.XPND.GD.ZS,Montenegro,MNE,..,..,..,..,..,..,..,..,..,..,..,..,..,..,..,2.69436332580307,2.29071210726617,1.7440597844357,1.87218185878335,1.84375942546853,1.81434774678489,1.74896715984886,1.65646333448269,1.45226272179706,1.47227149715928,1.40371623967527,1.41127981632845,1.36277638600831,1.36929476410929,1.33441273978441,1.66909915019007,1.74294562304317,..
Military expenditure (% of GDP),MS.MIL.XPND.GD.ZS,Netherlands,NLD,2.36901988510143,2.24853153093843,2.21300259630903,2.02782940845455,1.91306097545144,1.79424050457827,1.75660773571403,1.65927318261403,1.5806480613385,1.58982542582888,1.43400434064074,1.43790686912329,1.42655601162955,1.44380959809676,1.42682783976905,1.3964852790883,1.39338905749077,1.35471679829449,1.30531923769851,1.39763332170373,1.32543371501611,1.28836534898418,1.23540888805849,1.16615162393654,1.15968789088093,1.13271150479415,1.16362691769596,1.15680366756712,1.2166741818661,1.32292992136966,1.48065173904127,1.42245070291373,..
Military expenditure (% of GDP),MS.MIL.XPND.GD.ZS,North Macedonia,MKD,..,..,..,..,..,..,2.81367674231936,2.12824694412777,2.09823976120451,1.71382060586219,1.850821459557,6.10039562766158,2.64559751876128,2.34170115867248,2.38010407130392,2.02926330577443,1.83653768735825,1.95006969471653,1.74234086894233,1.68816456224776,1.38215461102863,1.26218709982742,1.22531966171625,1.16943718855289,1.09296080025624,0.99342769175221,0.970115977909212,0.895041406541028,0.943108732670231,1.1645941160868,1.24812165736929,1.54104251710607,..
Military expenditure (% of GDP),MS.MIL.XPND.GD.ZS,Norway,NOR,2.88622689429437,2.74748719588206,2.96470027529897,2.68734984456601,2.73313708243107,2.30749103957538,2.1630749742096,2.01607957074415,2.15673766669647,2.03910557145363,1.7058318732318,1.70454145987594,2.08059193132079,1.97485448684346,1.84878514417382,1.58146761762765,1.45024380537622,1.46538148468219,1.37824164106341,1.60429503051496,1.51569817853048,1.45143576983138,1.40213417236466,1.41399650432531,1.47203877720871,1.50727958117337,1.6266814884247,1.71949716299962,1.72624440755227,1.85843416035027,2.0060349499773,1.84135524909727,..
Military expenditure (% of GDP),MS.MIL.XPND.GD.ZS,Poland,POL,2.61248574350627,2.25165022520211,2.23099944320713,2.46918731544486,2.27323210335054,1.95550705469987,1.96791940080864,2.03130669657497,2.01908131442398,1.90113577122386,1.83033658531361,1.90563800121799,1.90063864932514,1.90804203657513,1.8732410064926,1.92612986992008,1.92004479241445,2.00203282841042,1.75213971068109,1.79741622783841,1.83191829941583,1.78980879105013,1.80271300114202,1.7803226284429,1.90704645275601,2.13740711293912,1.93846267776486,1.89493098674011,2.04957212987643,1.97104132698471,2.29831569428398,2.12041438242855,..
Military expenditure (% of GDP),MS.MIL.XPND.GD.ZS,Portugal,PRT,2.43750834105738,2.42311054597473,2.39039022202288,2.36557982469712,2.22615575297427,2.26028815781966,2.12079573443008,2.04070265863168,1.88373334222021,1.88801056536998,1.86235604736978,1.91271986836364,1.93856312747485,1.88521653139083,1.9659180234695,2.04730388244163,1.9499699591663,1.8180552266489,1.83655871865259,2.03079894982103,1.9802165969028,2.00265001457882,1.91213707571497,2.08963062384102,1.7905112782133,1.7879744113674,2.00402369435615,1.67187886982417,1.7647076827445,1.78146088375574,1.88667391039496,2.07275736158857,..
Military expenditure (% of GDP),MS.MIL.XPND.GD.ZS,Romania,ROU,4.54741504925103,4.77333466430117,4.24768251683067,2.74060801469377,3.11472840805896,2.61344768528808,2.36907292563377,3.01764996200519,3.00417486391887,2.64025926740376,2.49891418426016,2.4207451879196,2.28729607547664,2.08848713354877,2.00765756131918,1.98193527598999,1.82257107476766,1.49361825981328,1.39998436558161,1.27806961233722,1.25442159108217,1.2981626613757,1.23238274610421,1.28538281783738,1.34599858235856,1.45196879636605,1.40613695365366,1.72107168738577,1.80524172597542,1.84395601324,2.03088668188529,1.9539229198089,..
Military expenditure (% of GDP),MS.MIL.XPND.GD.ZS,Slovak Republic,SVK,..,..,..,1.99636032146556,1.93951901446386,3.15455810787471,2.9738286677448,2.28311624477759,1.74433653315927,1.57382654973916,1.6553123819075,1.84316098962007,1.7760268404571,1.84111107563443,1.6520060170675,1.68144094629442,1.59651260799806,1.47838892400771,1.45938505158744,1.51648666734409,1.25974040372583,1.07426586444905,1.07915953207208,0.979196940843691,0.985973491289783,1.1144880894194,1.1195560998329,1.10725755219224,1.22777555717137,1.7118911992556,1.95049366875294,1.70581580202089,..
Military expenditure (% of GDP),MS.MIL.XPND.GD.ZS,Slovenia,SVN,..,..,2.24723333231322,1.8173013500764,1.65407466226615,1.57303477574917,1.53636281209044,1.40136831751909,1.36118246899735,1.211302468275,1.09316627543634,1.30048247372981,1.38761857556639,1.40379833710615,1.43065194465024,1.4201971624414,1.54218221292603,1.44291454234963,1.49291914113746,1.58615682467018,1.60312521178811,1.29217076374929,1.16679123354242,1.04694825557094,0.973739588196785,0.930119531623913,1.00428707817666,0.981831088695765,0.978114789415905,1.05730339458415,1.0614252885269,1.21807578663846,..
Military expenditure (% of GDP),MS.MIL.XPND.GD.ZS,Spain,ESP,2.29330520898016,2.12919223112803,2.04280367601027,2.0118717370405,2.00133740218861,1.91702239465122,1.81443901615473,1.72281567944182,1.75731994886122,1.75523458900652,1.72551798839458,1.62958403293614,1.45597370162444,1.42254439300681,1.43022117967926,1.38717775355122,1.37000746147478,1.36310631227691,1.36762048450666,1.35835383696039,1.3873781239833,1.33187655521014,1.4236373034985,1.27277066255826,1.25445910412941,1.27082378270029,1.13772803993392,1.23069077613875,1.2549592398644,1.23383224510296,1.36306673749586,1.37078152163816,..
Military expenditure (% of GDP),MS.MIL.XPND.GD.ZS,Turkiye,TUR,3.52770569378721,3.75436424807973,3.87056650021036,3.9214172544983,4.05135933699201,3.90164973474904,4.13969694261893,4.10367223056831,3.18450090852014,3.88901737403665,3.66109466979562,3.60345707482735,3.79592688113795,3.29604717264126,2.69798371690976,2.40937050592188,2.3595222796582,2.21792932113531,2.199273923442,2.48931174211555,2.27171421902952,2.02750659150507,2.00944779894555,1.92395933259341,1.87196655112723,1.81284829274449,2.05032460503249,2.05006581752215,2.52369540945235,2.68987336447548,2.43221195824748,2.06389646247387,..
Military expenditure (% of GDP),MS.MIL.XPND.GD.ZS,United Kingdom,GBR,3.983217694585,4.11680242273171,3.86471776641263,3.59064951247979,3.38193371776532,2.85419949053587,2.72459232198324,2.56014877225605,2.49596227501881,2.42290959332375,2.3727966452319,2.41112210130721,2.48565967470705,2.55206201518244,2.49782136751626,2.43420322804432,2.36344019961726,2.36444310394301,2.48090402066599,2.63881784518676,2.5682958764794,2.48868302671917,2.40708632959209,2.2772433458764,2.16859461569683,2.02904477306621,1.95989496596563,1.91998040214711,1.91954919793228,1.97647959585338,2.24079815323013,2.22322827028005,..
Military expenditure (% of GDP),MS.MIL.XPND.GD.ZS,United States,USA,5.60517529438794,4.88342939776313,4.97046680768284,4.60435029507644,4.2152646751779,3.8602457917389,3.55498220635218,3.40556224418855,3.20155849896996,3.08567678324746,3.11224214697679,3.12380980266703,3.44761809928778,3.82716104473623,4.01631273640692,4.09003487632585,4.04162723678969,4.0796550810522,4.46382735629989,4.88559968011478,4.92264167706996,4.84017399490275,4.47740121867267,4.04667887867098,3.69589465026568,3.47784516633609,3.41346420823965,3.30938753223376,3.31115856059771,3.42619487015821,3.71788506411202,3.48321575578739,..
Military expenditure (% of GDP),MS.MIL.XPND.GD.ZS,Russian Federation,RUS,..,..,4.42703232125367,4.18132464712269,4.5237006553879,3.78442996742671,3.75655882080282,4.03980929678188,2.73264908865687,3.07328792235108,3.30702983667541,3.54631922908818,3.75627739108018,3.67083808960104,3.30035364660483,3.33010319224077,3.24525437911028,3.11854207894397,3.14948601738606,3.92406339875413,3.58508572056051,3.43304383760131,3.68924043459907,3.85404258314373,4.11299297822323,4.87151474680202,5.42514770504505,4.24899605173948,3.69251875943369,3.83211568128629,4.26344983553312,4.0800661964948,..
Military expenditure (% of GDP),MS.MIL.XPND.GD.ZS,Ukraine,UKR,..,..,..,0.352352877377782,1.79834026745969,2.03595743178689,2.19078630905066,2.79497910969606,2.10598171305119,1.90075618846419,2.1510492369186,1.8868710784894,1.98468424604293,2.12420904616827,1.96705859978073,2.40574899498883,2.38774563835436,2.47252740262893,2.30274114399407,1.90898190365369,1.90236102232278,1.5336412405932,1.61331991729012,1.57929167934982,2.24502052094788,3.25118076341283,3.15477660251022,2.88440151897159,3.19235326531891,3.52015241588676,3.81184948136676,3.22834693677077,..
,,,,,,,,,,,,,,,,,,,,,,,,,,,,,,,,,,,,
,,,,,,,,,,,,,,,,,,,,,,,,,,,,,,,,,,,,
,,,,,,,,,,,,,,,,,,,,,,,,,,,,,,,,,,,,
Data from database: World Development Indicators,,,,,,,,,,,,,,,,,,,,,,,,,,,,,,,,,,,,
Last Updated: 05/10/2023,,,,,,,,,,,,,,,,,,,,,,,,,,,,,,,,,,,,
Code,License Type,Indicator Name,Long definition,Source,Topic,Periodicity,Aggregation method,Statistical concept and methodology,Development relevance,Limitations and exceptions,General comments,License URL
SH.H2O.SAFE.ZS,CC BY-4.0,Improved water source (% of population with access),"Access to an improved water source refers to the percentage of the population using an improved drinking water source. The improved drinking water source includes piped water on premises (piped household water connection located inside the user’s dwelling, plot or yard), and other improved drinking water sources (public taps or standpipes, tube wells or boreholes, protected dug wells, protected springs, and rainwater collection).",WHO/UNICEF Joint Monitoring Programme (JMP) for Water Supply and Sanitation (http://www.wssinfo.org/).,Health: Disease prevention,Annual,Weighted average,"The data are derived by the Joint Monitoring Programme of the World Health Organization (WHO) and United Nations Children's Fund (UNICEF) based on national censuses and nationally representative household surveys. The coverage rates for water and sanitation are based on information from service users on the facilities their households actually use rather than on information from service providers, which may include nonfunctioning systems.

WHO/UNICEF define an improved drinking-water source as one that, by nature of its construction or through active intervention, is protected from outside contamination, in particular from contamination with fecal matter. Improved water sources include piped water into dwelling, plot or yard; piped water into neighbor's plot; public tap/standpipe; tube well/borehole; protected dug well; protected spring; and rainwater.","Water is considered to be the most important resource for sustaining ecosystems, which provide life-supporting services for people, animals, and plants. Global access to safe water and proper hygiene education can reduce illness and death from disease, leading to improved health, poverty reduction, and socio-economic development. However, many countries are challenged to provide these basic necessities to their populations, leaving people at risk for water, sanitation, and hygiene (WASH)-related diseases. Because contaminated water is a major cause of illness and death, water quality is a determining factor in human poverty, education, and economic opportunities.

Lack of access to adequate water contributes to deaths and illness, especially in children. Water based disease transmission by drinking contaminated water is responsible for significant outbreaks of diseases such as cholera and typhoid and include diarrhea, viral hepatitis A, cholera, dysentery and dracunculiasis (Guineaworm disease). Improvement of access to clean drinking water is a crucial element in the reduction of under-five mortality and morbidity.

Women and children spend millions of hours each year fetching water. The chore diverts their time from other important activities (for example attending school, caring for children, participating in the economy). When water is not available on premises and has to be collected, women and girls are almost two and a half times more likely than men and boys to be the main water carriers for their families.

Many international organizations use access to safe drinking water and hygienic sanitation facilities as a measure for progress in the fight against poverty, disease, and death. Access to safe drinking water is also considered to be a human right, not a privilege, for every man, woman, and child. Economic benefits of improved drinking water include higher economic productivity, more education, and health-care savings.","Please note that the data for this indicator have not been updated since 2015.  The WHO/UNICEF Joint Monitoring Programme for Water Supply and Sanitation has introduced updated water and sanitation indicators.  For the most recent data on water access, please see the following indicators: People using safely managed drinking water services (% of population) (SH.H2O.SMDW.ZS) and People using basic drinking water services (% of population) (SH.H2O.BASW.ZS).

The data on access to an improved water source measure the percentage of the population with ready access to water for domestic purposes.

Access to drinking water from an improved source does not ensure that the water is safe or adequate, as these characteristics are not tested at the time of survey. But improved drinking water technologies are more likely than those characterized as unimproved to provide safe drinking water and to prevent contact with human excreta. While information on access to an improved water source is widely used, it is extremely subjective, and such terms as safe, improved, adequate, and reasonable may have different meanings in different countries despite official WHO definitions (see Definitions). Even in high-income countries treated water may not always be safe to drink. Access to an improved water source is equated with connection to a supply system; it does not take into account variations in the quality and cost (broadly defined) of the service.",,https://datacatalog.worldbank.org/public-licenses#cc-by
SH.STA.ACSN,CC BY-4.0,Improved sanitation facilities (% of population with access),"Access to improved sanitation facilities refers to the percentage of the population using improved sanitation facilities. Improved sanitation facilities are likely to ensure hygienic separation of human excreta from human contact. They include flush/pour flush (to piped sewer system, septic tank, pit latrine), ventilated improved pit (VIP) latrine, pit latrine with slab, and composting toilet.",WHO/UNICEF Joint Monitoring Programme (JMP) for Water Supply and Sanitation (http://www.wssinfo.org/).,Health: Disease prevention,Annual,Weighted average,"Data on access to sanitation are produced by the Joint Monitoring Programme of the World Health Organization (WHO) and United Nations Children's Fund (UNICEF) based on national censuses and nationally representative household surveys. The coverage rates for water and sanitation are based on information from service users on the facilities their households actually use rather than on information from service providers, which may include nonfunctioning systems.

An improved sanitation facility is defined as one that hygienically separates human excreta from human contact. Improved sanitation facilities range from simple but protected pit latrines to flush toilets with a sewerage connection. To be effective, facilities must be correctly constructed and properly maintained.","Sanitation is fundamental to human development. Many international organizations use hygienic sanitation facilities as a measure for progress in the fight against poverty, disease, and death. Access to proper sanitation is also considered to be a human right, not a privilege, for every man, woman, and child.

Sanitation generally refers to the provision of facilities and services for the safe disposal of human urine and feces. Inadequate sanitation is a major cause of disease world-wide and improving sanitation is known to have a significant beneficial impact on people's health. Improved sanitation can reduce diarrheal disease, and can significantly lessen the adverse health impacts of other disorders responsible for death and disease among millions of children. Diarrhea and worm infections weaken children and make them more susceptible to malnutrition and opportunistic infections like pneumonia, measles and malaria.

The combined effects of inadequate sanitation, unsafe water supply and poor personal hygiene are responsible for many of childhood deaths. Every year, the failure to tackle these deficits results in severe welfare losses - wasted time, reduced productivity, ill health, impaired learning, environmental degradation and lost opportunities. Fundamental behavior changes are required before the use of improved facilities and services can be integrated into daily life. Many hygiene behaviors and habits are formed in childhood and, therefore, school health and hygiene education programs are an important part of water and sanitation improvements.

Most basic sanitation technologies are not expensive to implement. However, those facing the problems of inadequate sanitation are rarely aware of either the origin of their ills, or the true costs of their deficit. As a result, in most of the developing countries those without sanitation are hard to convince of the need to invest scarce resources in sanitation facilities, or of the critical importance of changing long-held habits and unhygienic behaviors. Consequently, the people's representatives - governments and elected political leaders - rarely give sanitation or hygiene improvements the priority that is needed in order to tackle the massive sanitation deficit faced by the developing world.

Children bear the brunt of sanitation-related impacts - their health, nutrition, growth, education, self-respect, and life opportunities suffers as a result of inadequate sanitation. Without improved sanitation, many of the current generation of children in developing countries are unlikely to develop to their full potential. Countries that don't take urgent action to redress sanitation deficiencies will find their future development and prosperity impaired.","Please note that the data for this indicator have not been updated since 2015.  The WHO/UNICEF Joint Monitoring Programme for Water Supply and Sanitation has introduced updated water and sanitation indicators.  For the most recent data on access to sanitation facilities, please see the following indicators: People using safely managed sanitation services (% of population) (SH.STA.SMSS.ZS) and People using basic sanitation services (% of population) (SH.STA.BASS.ZS).

The data are derived by the Joint Monitoring Programme of the World Health Organization (WHO) and United Nations Children's Fund (UNICEF) based on national censuses and nationally representative household surveys. The coverage rates for sanitation are based on information from service users on the facilities their households actually use rather than on information from service providers, which may include nonfunctioning systems.",,https://datacatalog.worldbank.org/public-licenses#cc-by
GC.BAL.CASH.GD.ZS,CC BY-4.0,Cash surplus/deficit (% of GDP),"Cash surplus or deficit is revenue (including grants) minus expense, minus net acquisition of nonfinancial assets. In the 1986 GFS manual nonfinancial assets were included under revenue and expenditure in gross terms. This cash surplus or deficit is closest to the earlier overall budget balance (still missing is lending minus repayments, which are now a financing item under net acquisition of financial assets).","International Monetary Fund, Government Finance Statistics Yearbook and data files, and World Bank and OECD GDP estimates.",Public Sector: Government finance: Deficit & financing,Annual,Weighted average,"The IMF's Government Finance Statistics Manual 2014, harmonized with the 2008 SNA, recommends an accrual accounting method, focusing on all economic events affecting assets, liabilities, revenues, and expenses, not just those represented by cash transactions. It accounts for all changes in stocks, so stock data at the end of an accounting period equal stock data at the beginning of the period plus flows over the period. The 1986 manual considered only debt stocks.

Government finance statistics are reported in local currency. Many countries report government finance data by fiscal year; see country metadata for information on fiscal year end by country.",,"For most countries central government finance data have been consolidated into one account, but for others only budgetary central government accounts are available. Countries reporting budgetary data are noted in the country metadata. Because budgetary accounts may not include all central government units (such as social security funds), they usually provide an incomplete picture. In federal states the central government accounts provide an incomplete view of total public finance.

Data on government revenue and expense are collected by the IMF through questionnaires to member countries and by the Organisation for Economic Co-operation and Development (OECD). Despite IMF efforts to standardize data collection, statistics are often incomplete, untimely, and not comparable across countries.",,https://datacatalog.worldbank.org/public-licenses#cc-by
IT.NET.USER.P2,CC BY-4.0,Internet users (per 100 people),"Internet users are individuals who have used the Internet (from any location) in the last 3 months. The Internet can be used via a computer, mobile phone, personal digital assistant, games machine, digital TV etc.","International Telecommunication Union, World Telecommunication/ICT Development Report and database.",Infrastructure: Communications,Annual,Weighted average,"The Internet is a world-wide public computer network. It provides access to a number of communication services including the World Wide Web and carries email, news, entertainment and data files, irrespective of the device used (not assumed to be only via a computer - it may also be by mobile phone, PDA, games machine, digital TV etc.). Access can be via a fixed or mobile network.","The digital and information revolution has changed the way the world learns, communicates, does business, and treats illnesses. New information and communications technologies (ICT) offer vast opportunities for progress in all walks of life in all countries - opportunities for economic growth, improved health, better service delivery, learning through distance education, and social and cultural advances.

Today's smartphones and tablets have computer power equivalent to that of yesterday's computers and provide a similar range of functions. Device convergence is thus rendering the conventional definition obsolete.

Comparable statistics on access, use, quality, and affordability of ICT are needed to formulate growth-enabling policies for the sector and to monitor and evaluate the sector's impact on development. Although basic access data are available for many countries, in most developing countries little is known about who uses ICT; what they are used for (school, work, business, research, government); and how they affect people and businesses. The global Partnership on Measuring ICT for Development is helping to set standards, harmonize information and communications technology statistics, and build statistical capacity in developing countries. However, despite significant improvements in the developing world, the gap between the ICT haves and have-nots remains.","Operators have traditionally been the main source of telecommunications data, so information on subscriptions has been widely available for most countries. This gives a general idea of access, but a more precise measure is the penetration rate - the share of households with access to telecommunications. During the past few years more information on information and communication technology use has become available from household and business surveys. Also important are data on actual use of telecommunications services. Ideally, statistics on telecommunications (and other information and communications technologies) should be compiled for all three measures: subscriptions, access, and use. The quality of data varies among reporting countries as a result of differences in regulations covering data provision and availability.

Discrepancies may also arise in cases where the end of a fiscal year differs from that used by ITU, which is the end of December of every year. A number of countries have fiscal years that end in March or June of every year.",Please cite the International Telecommunication Union for third-party use of these data.,https://datacatalog.worldbank.org/public-licenses#cc-by
IS.ROD.PAVE.ZS,Use and distribution of these data are subject to IRF terms and conditions.,"Roads, paved (% of total roads)","Paved roads are those surfaced with crushed stone (macadam) and hydrocarbon binder or bituminized agents, with concrete, or with cobblestones, as a percentage of all the country's roads, measured in length.","International Road Federation, World Road Statistics and electronic files, except where noted.",Infrastructure: Transportation,Annual,Median,"The road network includes "all roads in a given area". It covers motorways, highways, main or national roads, secondary or regional roads, and all other roads in a country. Motorways are kilometer length of roads, specifically designed and built for motor traffic, which does not serve properties bordering on it, and which: (a) is provided, except at special points or temporarily, with separate carriageways for the two directions of traffic, separated from each other, either by a dividing strip not intended for traffic, or exceptionally by other means; (b) does not cross at level with any road, railway or tramway track, or footpath; (c) is especially sign-posted as a motorway and is reserved for specific categories of road motor vehicles. Entry and exit lanes of motorways are included irrespectively of the location of the signposts. Urban motorways are also included.

Highways, main or national roads are kilometer length of A-level roads. A-level roads are roads outside urban areas that are not motorways but belong to the top-level road network. A-level roads are characterized by a comparatively high quality standard, either non-divided roads with oncoming traffic or similar to motorways. In most countries, these roads are financed by the federal or national government. Secondary or regional roads are kilometer length of roads that are the main feeder routes into, and provide the main links between highways, main or national roads.

Other roads are urbanlength of roads within the boundaries of a built-up area, which is an area with entries and exits especially sign-posted as such. Other rural roads are all remaining roads in a country not included in above mentioned categories.

Paved roads are those surfaced with crushed stone (macadam) and hydrocarbon binder or bituminized agents, with concrete, or with cobblestones, as a percentage of all the country's roads, measured in length.","According to OECD roads are lines of communication (travelled way) using a stabilized base other than rails or air strips open to public traffic, primarily for the use of road motor vehicles running on their own wheels. The United States has the largest network of roads in the world. People use roads either in individual cars, or in mass transit by bus or coach. Total road network includes motorways, highways, and main or national roads, secondary or regional roads, and all other roads in a country.

Transport infrastructure - highways, railways, ports and waterways, and airports and air traffic control systems - and the services that flow from it are crucial to the activities of households, producers, and governments. Because performance indicators vary widely by transport mode and focus (whether physical infrastructure or the services flowing from that infrastructure), highly specialized and carefully specified indicators are required to measure a country's transport infrastructure.

The road transport industry a vital engine of global socio-economic growth. It is of vital importance for economic development, creating direct and indirect employment, supporting tourism and local businesses. Economic growth, technological change, market liberalization, and oil prices affect road transport throughout the world.

While sustainable mobility is recognized as one of the keys to social and economic development, roads are becoming increasingly congested, and heavy road transportation, especially in congested urban areas, is causing negative environmental impacts. IRF estimates that every six seconds someone is killed or seriously injured on the world's roads. Nine in ten of these casualties occur in low-income and middle-income countries, where traffic levels are rapidly increasing. This is a human, economic and environmental disaster that is preventable.","National road associations are the primary source of International Road Federation (IRF) data. In countries where a national road association is lacking or does not respond, other agencies are contacted, such as road directorates, ministries of transport or public works, or central statistical offices. As a result, definitions and data collection methods and quality differ, and the compiled data are of uneven quality. Moreover, the quality of transport service (reliability, transit time, and condition of goods delivered) is rarely measured, though it may be as important as quantity in assessing an economy's transport system.

Data for transport sectors are not always internationally comparable. Unlike for demographic statistics, national income accounts, and international trade data, the collection of infrastructure data has not been "internationalized."","Restricted use: Reproduction is strictly prohibited. Extracts must be quoted, after agreement with IRF Geneva, providing the source as IRF World Road Statistics. Please contact info@irfnet.ch and stats@irfnet.ch. [Note: Data have been removed from external publication pending a review of their licensing agreement.]",https://www.irf.global/terms/
MS.MIL.XPND.ZS,Use and distribution of these data are subject to Stockholm International Peace Research Institute (SIPRI) terms and conditions.,Military expenditure (% of general government expenditure),"Military expenditures data from SIPRI are derived from the NATO definition, which includes all current and capital expenditures on the armed forces, including peacekeeping forces; defense ministries and other government agencies engaged in defense projects; paramilitary forces, if these are judged to be trained and equipped for military operations; and military space activities. Such expenditures include military and civil personnel, including retirement pensions of military personnel and social services for personnel; operation and maintenance; procurement; military research and development; and military aid (in the military expenditures of the donor country). Excluded are civil defense and current expenditures for previous military activities, such as for veterans' benefits, demobilization, conversion, and destruction of weapons. This definition cannot be applied for all countries, however, since that would require much more detailed information than is available about what is included in military budgets and off-budget military expenditure items. (For example, military budgets might or might not cover civil defense, reserves and auxiliary forces, police and paramilitary forces, dual-purpose forces such as military and civilian police, military grants in kind, pensions for military personnel, and social security contributions paid by one part of government to another.)","Stockholm International Peace Research Institute (SIPRI), Yearbook: Armaments, Disarmament and International Security.",Public Sector: Defense & arms trade,Annual,Weighted average,"SIPRI military expenditure data includes military and civil personnel, including retirement pensions and social services for military personnel; operation and maintenance; procurement; military research and development; and military aid (in the military expenditures of the donor country). Excluded are civil defense and current expenditures for previous military activities, such as for veterans' benefits, demobilization, and weapons conversion and destruction. This definition cannot be applied for all countries, however, since that would require more detailed information than is available about military budgets and off-budget military expenditures (for example, whether military budgets cover civil defense, reserves and auxiliary forces, police and paramilitary forces, and military pensions).

SIPRI data for the most recent years include two types of estimate which apply to all countries: (a) figures for the most recent years are for adopted budgets, budget estimates or revised estimates, and are revised, more often than not, in subsequent years; and (b) the deflator used for the latest year in the series is an estimate.

SIPRI's primary source of military expenditure data is official data provided by national governments. These data are derived from budget documents, defense white papers, and other public documents from official government agencies, including government responses to questionnaires sent by SIPRI, the UNODA, or the Organization for Security and Co-operation in Europe. Secondary sources include international statistics, such as those of NATO and the IMF's Government Finance Statistics Yearbook. Other secondary sources include country reports of the Economist Intelligence Unit, country reports by IMF staff, and specialist journals and newspapers.

The SIPRI military expenditure figures are presented on a calendar-year basis. The only exception is the USA, for which statistics report data on a fiscal-year basis. Calendar-year data are calculated on the assumption of an even rate of expenditure throughout the fiscal year.","Although national defense is an important function of government and security from external threats that contributes to economic development, high military expenditures for defense or civil conflicts burden the economy and may impede growth. Data on military expenditures as a share of gross domestic product (GDP) are a rough indicator of the portion of national resources used for military activities and of the burden on the economy.

As an "input" measure military expenditures are not directly related to the "output" of military activities, capabilities, or security. Comparisons of military spending among countries should take into account the many factors that influence perceptions of vulnerability and risk, including historical and cultural traditions, the length of borders that need defending, the quality of relations with neighbors, and the role of the armed forces in the body politic.

Comparisons of military spending among countries should take into account the many factors that influence perceptions of vulnerability and risk, including historical and cultural traditions, the length of borders that need defending, the quality of relations with neighbors, and the role of the armed forces in the body politic.","Data on military expenditures are not compiled using standard definitions and are often incomplete and unreliable due to countries' reluctance to disclose military information. Even in countries where the parliament vigilantly reviews budgets and spending, military expenditures and arms transfers rarely receive close scrutiny or full, public disclosure (see Ball 1984 and Happe and Wakeman-Linn 1994). However, the Stockholm International Peace Research Institute (SIPRI) has adopted a definition of military expenditure derived from the North Atlantic Treaty Organization's (NATO) former definition (in use until 2002; see Definitions).

Data on military expenditures as a share of central government expenditures use data on central government expenditures from the International Monetary Fund (IMF). Therefore the data may differ from comparable data published by national governments.

In the many cases where SIPRI cannot make independent estimates, it uses the national data provided. Because of the differences in definitions and the difficulty in verifying the accuracy and completeness of data, data on military expenditures are not always comparable across countries. However, SIPRI puts a high priority on ensuring that the data series for each country is comparable over time.",Data for some countries are based on partial or uncertain data or rough estimates.,https://www.sipri.org/about/terms-and-conditions
MS.MIL.XPND.GD.ZS,Use and distribution of these data are subject to Stockholm International Peace Research Institute (SIPRI) terms and conditions.,Military expenditure (% of GDP),"Military expenditures data from SIPRI are derived from the NATO definition, which includes all current and capital expenditures on the armed forces, including peacekeeping forces; defense ministries and other government agencies engaged in defense projects; paramilitary forces, if these are judged to be trained and equipped for military operations; and military space activities. Such expenditures include military and civil personnel, including retirement pensions of military personnel and social services for personnel; operation and maintenance; procurement; military research and development; and military aid (in the military expenditures of the donor country). Excluded are civil defense and current expenditures for previous military activities, such as for veterans' benefits, demobilization, conversion, and destruction of weapons. This definition cannot be applied for all countries, however, since that would require much more detailed information than is available about what is included in military budgets and off-budget military expenditure items. (For example, military budgets might or might not cover civil defense, reserves and auxiliary forces, police and paramilitary forces, dual-purpose forces such as military and civilian police, military grants in kind, pensions for military personnel, and social security contributions paid by one part of government to another.)","Stockholm International Peace Research Institute (SIPRI), Yearbook: Armaments, Disarmament and International Security.",Public Sector: Defense & arms trade,Annual,Weighted average,"SIPRI military expenditure data includes military and civil personnel, including retirement pensions and social services for military personnel; operation and maintenance; procurement; military research and development; and military aid (in the military expenditures of the donor country). Excluded are civil defense and current expenditures for previous military activities, such as for veterans' benefits, demobilization, and weapons conversion and destruction. This definition cannot be applied for all countries, however, since that would require more detailed information than is available about military budgets and off-budget military expenditures (for example, whether military budgets cover civil defense, reserves and auxiliary forces, police and paramilitary forces, and military pensions).

SIPRI data for the most recent years include two types of estimate which apply to all countries: (a) figures for the most recent years are for adopted budgets, budget estimates or revised estimates, and are revised, more often than not, in subsequent years; and (b) the deflator used for the latest year in the series is an estimate SIPRI's primary source of military expenditure data is official data provided by national governments. These data are derived from budget documents, defense white papers, and other public documents from official government agencies, including government responses to questionnaires sent by SIPRI, the UNODA, or the Organization for Security and Co-operation in Europe. Secondary sources include international statistics, such as those of NATO and the IMF's Government Finance Statistics Yearbook. Other secondary sources include country reports of the Economist Intelligence Unit, country reports by IMF staff, and specialist journals and newspapers.

The data on military expenditures as a share of GDP are SIPRI estimates. The SIPRI military expenditure figures are presented on a calendar-year basis. The only exception is the USA, for which statistics report data on a fiscal-year basis. Calendar-year data are calculated on the assumption of an even rate of expenditure throughout the fiscal year. The ratio of military expenditure to GDP is calculated in domestic currency at current prices and for calendar years.

The SIPRI military expenditure figures are presented on a calendar-year basis. The only exception is the USA, for which statistics report data on a fiscal-year basis. Calendar-year data are calculated on the assumption of an even rate of expenditure throughout the fiscal year.","Although national defense is an important function of government and security from external threats that contributes to economic development, high military expenditures for defense or civil conflicts burden the economy and may impede growth. Data on military expenditures as a share of gross domestic product (GDP) are a rough indicator of the portion of national resources used for military activities and of the burden on the economy.

Data on military expenditures as a share of gross domestic product (GDP) are a rough indicator of the portion of national resources used for military activities and of the burden on the economy. As an "input" measure military expenditures are not directly related to the "output" of military activities, capabilities, or security. Comparisons of military spending among countries should take into account the many factors that influence perceptions of vulnerability and risk, including historical and cultural traditions, the length of borders that need defending, the quality of relations with neighbors, and the role of the armed forces in the body politic.","Data on military expenditures are not compiled using standard definitions and are often incomplete and unreliable due to countries' reluctance to disclose military information. Even in countries where the parliament vigilantly reviews budgets and spending, military expenditures and arms transfers rarely receive close scrutiny or full, public disclosure (see Ball 1984 and Happe and Wakeman-Linn 1994). However, the Stockholm International Peace Research Institute (SIPRI) has adopted a definition of military expenditure derived from the North Atlantic Treaty Organization's (NATO) former definition (in use until 2002; see Definitions).

In the many cases where SIPRI cannot make independent estimates, it uses the national data provided. Because of the differences in definitions and the difficulty in verifying the accuracy and completeness of data, data on military expenditures are not always comparable across countries. However, SIPRI puts a high priority on ensuring that the data series for each country is comparable over time.",Data for some countries are based on partial or uncertain data or rough estimates.,https://www.sipri.org/about/terms-and-conditions
